Name,Phone,Website
Virginia Tech Electric Service,(540) 418-3345,http://www.blacksburgplumbing.com
Virginia Tech Electric Service,(540) 934-0001,http://www.bellelectric.com
Virginia Tech Electric Service,(540) 231-6437,https://vtes.vt.edu
Virginia Tech Electric Service,(540) 230-8083,http://lawrenceelectricllc.com
Virginia Tech Electric Service,(540) 552-0824,
Virginia Tech Electric Service,(540) 552-6876,
Virginia Tech Electric Service,,
Virginia Tech Electric Service,(540) 299-7294,/listings/1002180178586/directions
Virginia Tech Electric Service,(540) 385-7255,http://www.cityelectricsupply.com/branch/1022
Virginia Tech Electric Service,(540) 382-9351,http://alviselectric.com
Virginia Tech Electric Service,(540) 382-4850,
Virginia Tech Electric Service,(540) 381-3388,http://mooreselectric.com
Virginia Tech Electric Service,(540) 382-6179,https://electricalsupplynrv.net
Virginia Tech Electric Service,(540) 626-6010,
Virginia Tech Electric Service,(540) 381-2917,https://electricworks24073.wixsite.com/electricworksinc
Virginia Tech Electric Service,(540) 268-5328,https://www.sundownelectric.net/contact
Virginia Tech Electric Service,(540) 639-5638,http://kenleyelectric.com
Virginia Tech Electric Service,(540) 268-5328,http://www.sundownelectric.net
Virginia Tech Electric Service,(540) 599-5674,
Virginia Tech Electric Service,(540) 544-7142,
Virginia Tech Electric Service,(540) 392-8925,http://www.christiansburgelectrician.com
Virginia Tech Electric Service,(540) 626-3089,
Virginia Tech Electric Service,(540) 380-3478,
Virginia Tech Electric Service,(540) 651-6220,
Virginia Tech Electric Service,(540) 380-3886,https://www.callclineelectrical.com/blog/need-to-know-about-wireless-under-cabinet-lighting
Virginia Tech Electric Service,(540) 387-1129,
Virginia Tech Electric Service,(540) 864-6081,
Virginia Tech Electric Service,(540) 674-1037,http://dublinelectricalinc.com
Virginia Tech Electric Service,(540) 674-1037,
Virginia Tech Electric Service,(540) 375-7112,
Virginia Tech Electric Service,,http://www.blacksburgplumbing.com/
Virginia Tech Electric Service,,https://southern-air.com/
Virginia Tech Electric Service,,/listings/1002180178586/directions
Virginia Tech Electric Service,,http://www.bellelectric.com/
